,discriminator_loss,discriminator_accuracy,gan_loss,gan_accuracy,generated_sequences
0,-0.7499898076057434,0.0,0.7153341770172119,1.0,ȭȭȭȭǟǟǟțțț
1,-0.8671461343765259,0.0,0.8584928512573242,1.0,ēōļļļļļuuu
2,-0.8183971643447876,0.05000000074505806,0.8712267279624939,1.0,nnnȯȯēēēkk
3,-0.9110210537910461,0.0,0.8894841074943542,1.0,vȯiuuuääȯȯ
4,-0.9066646695137024,0.0,0.9044931530952454,1.0,ȯȯōōōȯļļ0u
5,-0.8268895149230957,0.10000000149011612,0.9171515703201294,1.0,āāiiǟeerkņ
6,-0.9433340430259705,0.0,0.9258554577827454,1.0,sffffnfffl
7,-0.9349722266197205,0.0,0.9318763613700867,1.0,ȱȭūnōōōōōō
